{

  "Routes": [
    { // carts apis
      "DownstreamPathTemplate": "/api/Cart/addToCart",
      "DownstreamScheme": "https",
      "DownstreamHostAndPorts": [
        {
          "Host": "localhost",
          "Port": 7136
        }
      ],
      "UpstreamPathTemplate": "/gateway/Cart/addToCart",
      "UpstreamHttpMethod": [ "POST" ]
    },
    {
      "DownstreamPathTemplate": "/getCart/{userId}",
      "DownstreamScheme": "https",
      "DownstreamHostAndPorts": [
        {
          "Host": "localhost",
          "Port": 7136
        }
      ],
      "UpstreamPathTemplate": "/gateway/Cart/getCart/{userId}",
      "UpstreamHttpMethod": [ "GET" ]
    },
    {
      "DownstreamPathTemplate": "/updateCartItem/{cartItemId}",
      "DownstreamScheme": "https",
      "DownstreamHostAndPorts": [
        {
          "Host": "localhost",
          "Port": 7136
        }
      ],
      "UpstreamPathTemplate": "/gateway/Cart/updateCartItem/{cartItemId}",
      "UpstreamHttpMethod": [ "PUT" ]
    },
    {
      "DownstreamPathTemplate": "/api/Cart/clearCart/{id}",
      "DownstreamScheme": "https",
      "DownstreamHostAndPorts": [
        {
          "Host": "localhost",
          "Port": 7136
        }
      ],
      "UpstreamPathTemplate": "/gateway/Cart/clearCart/{id}",
      "UpstreamHttpMethod": [ "DELETE" ]
    },
    {
      "DownstreamPathTemplate": "/deleteCartItem/{cartItemId}",
      "DownstreamScheme": "https",
      "DownstreamHostAndPorts": [
        {
          "Host": "localhost",
          "Port": 7136
        }
      ],
      "UpstreamPathTemplate": "/gateway/Cart/deleteCartItem/{cartItemId}",
      "UpstreamHttpMethod": [ "DELETE" ]
    },
    {
      "DownstreamPathTemplate": "/api/Cart",
      "DownstreamScheme": "https",
      "DownstreamHostAndPorts": [
        {
          "Host": "localhost",
          "Port": 7136
        }
      ],
      "UpstreamPathTemplate": "/gateway/Cart/checkout",
      "UpstreamHttpMethod": [ "PUT" ]
    },
    { //product apis
      "DownstreamPathTemplate": "/getAllProducts",
      "DownstreamScheme": "https",
      "DownstreamHostAndPorts": [
        {
          "Host": "localhost",
          "Port": 7069
        }
      ],
      "UpstreamPathTemplate": "/gateway/getAllProducts",
      "UpstreamHttpMethod": [ "GET" ]
    },
    {
      "DownstreamPathTemplate": "/getProductById/{id}",
      "DownstreamScheme": "https",
      "DownstreamHostAndPorts": [
        {
          "Host": "localhost",
          "Port": 7069
        }
      ],
      "UpstreamPathTemplate": "/gateway/getProductById/{id}",
      "UpstreamHttpMethod": [ "GET" ]
    },
    {
      "DownstreamPathTemplate": "/getProductByCategory/{id}",
      "DownstreamScheme": "https",
      "DownstreamHostAndPorts": [
        {
          "Host": "localhost",
          "Port": 7069
        }
      ],
      "UpstreamPathTemplate": "/gateway/getProductByCategory/{id}",
      "UpstreamHttpMethod": [ "GET" ]
    },
    {
      "DownstreamPathTemplate": "/addNewProduct",
      "DownstreamScheme": "https",
      "DownstreamHostAndPorts": [
        {
          "Host": "localhost",
          "Port": 7069
        }
      ],
      "UpstreamPathTemplate": "/gateway/addNewProduct",
      "UpstreamHttpMethod": [ "POST" ]
    },
    {
      "DownstreamPathTemplate": "/deleteProduct/{id}",
      "DownstreamScheme": "https",
      "DownstreamHostAndPorts": [
        {
          "Host": "localhost",
          "Port": 7069
        }
      ],
      "UpstreamPathTemplate": "/gateway/deleteProduct/{id}",
      "UpstreamHttpMethod": [ "DELETE" ]
    },
    {
      "DownstreamPathTemplate": "/updateProduct",
      "DownstreamScheme": "https",
      "DownstreamHostAndPorts": [
        {
          "Host": "localhost",
          "Port": 7069
        }
      ],
      "UpstreamPathTemplate": "/gateway/updateProduct",
      "UpstreamHttpMethod": [ "PUT" ]
    },

    //users apis
    {
      "DownstreamPathTemplate": "/getAllUsers",
      "DownstreamScheme": "https",
      "DownstreamHostAndPorts": [
        {
          "Host": "localhost",
          "Port": 7033
        }
      ],
      "UpstreamPathTemplate": "/gateway/getAllUsers",
      "UpstreamHttpMethod": [ "GET" ]
    },


    {
      "DownstreamPathTemplate": "/addNewUser",
      "DownstreamScheme": "https",
      "DownstreamHostAndPorts": [
        {
          "Host": "localhost",
          "Port": 7033
        }
      ],
      "UpstreamPathTemplate": "/gateway/addNewUser",
      "UpstreamHttpMethod": [ "POST" ]
    },
    {
      "DownstreamPathTemplate": "/deleteUser/{id}",
      "DownstreamScheme": "https",
      "DownstreamHostAndPorts": [
        {
          "Host": "localhost",
          "Port": 7033
        }
      ],
      "UpstreamPathTemplate": "/gateway/deleteUser/{id}",
      "UpstreamHttpMethod": [ "DELETE" ]
    },
    {
      "DownstreamPathTemplate": "/updateUser/{id}",
      "DownstreamScheme": "https",
      "DownstreamHostAndPorts": [
        {
          "Host": "localhost",
          "Port": 7033
        }
      ],
      "UpstreamPathTemplate": "/gateway/updateUser/{id}",
      "UpstreamHttpMethod": [ "PUT" ]
    },

    //login api
    {
      "DownstreamPathTemplate": "/login",
      "DownstreamScheme": "https",
      "DownstreamHostAndPorts": [
        {
          "Host": "localhost",
          "Port": 7033
        }
      ],
      "UpstreamPathTemplate": "/gateway/login",
      "UpstreamHttpMethod": [ "POST" ]
    },


    //order apis
    {
      "DownstreamPathTemplate": "/getOrderId/{orderId}",
      "DownstreamScheme": "https",
      "DownstreamHostAndPorts": [
        {
          "Host": "localhost",
          "Port": 7138
        }
      ],
      "UpstreamPathTemplate": "/gateway/getOrderId/{orderId}",
      "UpstreamHttpMethod": [ "GET" ]
    },
    {
      "DownstreamPathTemplate": "/addOrder",
      "DownstreamScheme": "https",
      "DownstreamHostAndPorts": [
        {
          "Host": "localhost",
          "Port": 7138
        }
      ],
      "UpstreamPathTemplate": "/gateway/addOrder",
      "UpstreamHttpMethod": [ "POST" ]
    }
  ]
  //"GlobalConfiguration": {
  //  "BaseUrl": "https://localhost:7066"
  //}
}


